<?xml version="1.0" encoding="UTF-8"?>
<databaseChangeLog
    xmlns="http://www.liquibase.org/xml/ns/dbchangelog"
    xmlns:xsi="http://www.w3.org/2001/XMLSchema-instance"
    xsi:schemaLocation="http://www.liquibase.org/xml/ns/dbchangelog
                      http://www.liquibase.org/xml/ns/dbchangelog/dbchangelog-4.20.xsd">

    <changeSet id="1" author="init">
        <createTable tableName="editor">
            <column name="id" type="bigint" autoIncrement="true">
                <constraints primaryKey="true" nullable="false"/>
            </column>
            <column name="login" type="varchar(32)">
                <constraints unique="true" nullable="false"/>
            </column>
            <column name="password" type="varchar(128)">
                <constraints nullable="false"/>
            </column>
            <column name="firstname" type="varchar(64)">
                <constraints nullable="false"/>
            </column>
            <column name="lastname" type="varchar(64)">
                <constraints nullable="false"/>
            </column>
        </createTable>
    </changeSet>

</databaseChangeLog> 