<?xml version="1.0" encoding="UTF-8"?>
<databaseChangeLog
    xmlns="http://www.liquibase.org/xml/ns/dbchangelog"
    xmlns:xsi="http://www.w3.org/2001/XMLSchema-instance"
    xsi:schemaLocation="http://www.liquibase.org/xml/ns/dbchangelog
                      http://www.liquibase.org/xml/ns/dbchangelog/dbchangelog-4.20.xsd">

    <changeSet id="3" author="init">
        <createTable tableName="article">
            <column name="id" type="bigint" autoIncrement="true">
                <constraints primaryKey="true" nullable="false"/>
            </column>
            <column name="editor_id" type="bigint">
                <constraints nullable="false" foreignKeyName="fk_article_editor" references="editor(id)"/>
            </column>
            <column name="title" type="varchar(128)">
                <constraints nullable="false"/>
            </column>
            <column name="content" type="text">
                <constraints nullable="false"/>
            </column>
            <column name="created" type="timestamp">
                <constraints nullable="false"/>
            </column>
            <column name="modified" type="timestamp">
                <constraints nullable="false"/>
            </column>
        </createTable>
    </changeSet>

</databaseChangeLog> 