<?xml version="1.0" encoding="UTF-8"?>
<databaseChangeLog
    xmlns="http://www.liquibase.org/xml/ns/dbchangelog"
    xmlns:xsi="http://www.w3.org/2001/XMLSchema-instance"
    xsi:schemaLocation="http://www.liquibase.org/xml/ns/dbchangelog
                      http://www.liquibase.org/xml/ns/dbchangelog/dbchangelog-4.20.xsd">

    <changeSet id="4" author="init">
        <createTable tableName="article_mark">
            <column name="article_id" type="bigint">
                <constraints nullable="false" foreignKeyName="fk_article_mark_article" references="article(id)"/>
            </column>
            <column name="mark_id" type="bigint">
                <constraints nullable="false" foreignKeyName="fk_article_mark_mark" references="mark(id)"/>
            </column>
        </createTable>
        <addPrimaryKey tableName="article_mark" columnNames="article_id, mark_id"/>
    </changeSet>

</databaseChangeLog> 